cert,module_name,vendor,component,component_version,module_versions,sp_filenames,artifact_filename,artifact_kind,artifact_version,sha256,verified,artifact_confidence,sha256_source_url,identity_confidence
4600,HYCU Cryptographic Library Module,"HYCU, Inc.",,,"1.0.2.1, 1.0.2.2 and 1.0.2.3",bcfips-1.0.2.3.jar,bc-fips-1.0.2.3.jar,maven-jar,1.0.2.3,5f4d12234904c61c6f12d74b6cf4b3b5d32a2c3375d67367735be000bdd979ab,True,0.6,https://repo1.maven.org/maven2/org/bouncycastle/bc-fips/1.0.2.3/bc-fips-1.0.2.3.jar.sha256,0.75
4675,ExtraHop Cryptographic Module,"ExtraHop Networks, Inc.",,,,,,,,,,,,0.0
4690,Eclypses Cryptographic Library,"Eclypses, Inc.",,,,libecl.so;libecl.dylib;ecl.dll,,,,,,,,0.2
4699,Kenwood Cryptographic Library,EF Johnson Technologies,,,,libkcl.so,,,,,,,,0.2
4705,PAN-OS 10.1 VM-Series,"Palo Alto Networks, Inc.",,,,,,,,,,,,0.0
4710,Firepower Management Center Virtual VMware Cryptographic Module,"Cisco Systems, Inc.",,,,,,,,,,,,0.0
4711,Firepower Threat Defense Virtual Cryptographic Module,"Cisco Systems, Inc.",,,,,,,,,,,,0.0
4712,Adaptive Security Appliance Virtual Cryptographic Module,"Cisco Systems, Inc.",,,9.16.4,,,,,,,,,0.2
4715,Palo Alto Networks SD-WAN ION Core Crypto Module,"Palo Alto Networks, Inc.",,,1.0,,,,,,,,,0.2
4716,Cryptographic Module for BIG-IP ®,"F5, Inc.",,,,libcrypto.so.1.0.2,,,,,,,,0.2
4718,wolfCrypt,wolfSSL Inc.,wolfSSL,,,,wolfssl-5.6.3-commercial-fips-linuxv5.2.1.7z,vendor-binary,v5.2.1 (wolfCrypt FIPS module within wolfssl-5.6.3 commercial package),,False,0.4,,0.4
4720,Tensor G2 UFS Inline Storage Encryption Cryptographic Module,"Google, LLC",,,,pixel-fips140.ko,,,,,,,,0.2
4722,SUSE Linux Enterprise Libgcrypt Cryptographic Module,"SUSE, LLC",libgcrypt,,,libgcrypt.so.20.3.4;libgcrypt.so.20,,,,,,,,0.6
4724,KeyPair FIPS Provider for OpenSSL 3,KeyPair Consulting Inc.,OpenSSL,,,fips.so;fips.dll,,,,,,,,0.6
4725,SUSE Linux Enterprise OpenSSL Cryptographic Module,"SUSE, LLC",OpenSSL,,,libcrypto.so.1.1;libssl.so.1.1,openssl-1_1-1.1.1l-*.x86_64.rpm (and aarch64/ppc64le/s390x variants),distro-package,1.1.1l,,False,0.4,,0.65
4726,Android Kernel Cryptographic Module,"Google, LLC.",,,,fips140.ko,"fips140.ko (built from crypto/fips140-module.c, kernel/common GKI source)",source-tarball,Linux Kernel 5.10 (GKI),,False,0.4,,0.25
4727,SUSE Linux Enterprise Kernel Crypto API Cryptographic Module,"SUSE, LLC",,,3.3[1] and 3.4[2],,,,,,,,,0.2
4728,SUSE Linux Enterprise NSS Cryptographic Module,SUSE LLC,NSS,,,libsoftokn3.so;libnssdbm3.so;libfreeblpriv3.so;libaudit.so.1;libaudit.so.1.0.0,libsoftokn3-3.79.4-150400.3.29.1.x86_64.rpm,distro-package,3.79.4-150400.3.29.1,0fb587f369b1f35299b3fdb60ab99de0661d35e0df8613229dd1ba029d732337,False,0.7,https://rpmfind.net/linux/opensuse/distribution/leap/15.5/repo/oss/repodata/2aa1fa637f7b84d8329ac01fbe3369c2c0794e8c9e9e6203b7ddadb91dbf8700-primary.xml.gz,0.95
4728,SUSE Linux Enterprise NSS Cryptographic Module,SUSE LLC,NSS,,,libsoftokn3.so;libnssdbm3.so;libfreeblpriv3.so;libaudit.so.1;libaudit.so.1.0.0,libfreebl3-3.79.4-150400.3.29.1.x86_64.rpm,distro-package,3.79.4-150400.3.29.1,9b941048b0ba744d97bbc7c89daf16bef87a2f8bc131e709834f06a01cc2ff17,True,0.7,https://rpmfind.net/linux/opensuse/distribution/leap/15.5/repo/oss/repodata/2aa1fa637f7b84d8329ac01fbe3369c2c0794e8c9e9e6203b7ddadb91dbf8700-primary.xml.gz,0.95
4728,SUSE Linux Enterprise NSS Cryptographic Module,SUSE LLC,NSS,,,libsoftokn3.so;libnssdbm3.so;libfreeblpriv3.so;libaudit.so.1;libaudit.so.1.0.0,libsoftokn3-hmac-3.79.4-150400.3.29.1.x86_64.rpm,distro-package,3.79.4-150400.3.29.1,,False,0.5,,0.95
4728,SUSE Linux Enterprise NSS Cryptographic Module,SUSE LLC,NSS,,,libsoftokn3.so;libnssdbm3.so;libfreeblpriv3.so;libaudit.so.1;libaudit.so.1.0.0,libfreebl3-hmac-3.79.4-150400.3.29.1.x86_64.rpm,distro-package,3.79.4-150400.3.29.1,,False,0.5,,0.95
4728,SUSE Linux Enterprise NSS Cryptographic Module,SUSE LLC,NSS,,,libsoftokn3.so;libnssdbm3.so;libfreeblpriv3.so;libaudit.so.1;libaudit.so.1.0.0,libfreebl3.so,shared-object,,cad568fa5f2db6aaa7210f5dc92468a75e50bd5592d2fee554cccbf8d5bb02bf,True,0.9,https://rpmfind.net/linux/opensuse/distribution/leap/15.5/repo/oss/x86_64/libfreebl3-3.79.4-150400.3.29.1.x86_64.rpm,0.95
4728,SUSE Linux Enterprise NSS Cryptographic Module,SUSE LLC,NSS,,,libsoftokn3.so;libnssdbm3.so;libfreeblpriv3.so;libaudit.so.1;libaudit.so.1.0.0,libfreeblpriv3.so,shared-object,,90a948e626a2e7168baba0869c26071ca6539106134660c07cb8f8317207b704,True,0.9,https://rpmfind.net/linux/opensuse/distribution/leap/15.5/repo/oss/x86_64/libfreebl3-3.79.4-150400.3.29.1.x86_64.rpm,0.95
4728,SUSE Linux Enterprise NSS Cryptographic Module,SUSE LLC,NSS,,,libsoftokn3.so;libnssdbm3.so;libfreeblpriv3.so;libaudit.so.1;libaudit.so.1.0.0,libnssdbm3.so,shared-object,,f32e959f74be9bb15894898046b628fd18e1caf4bdaefa1228afaae5469afe72,True,0.9,https://rpmfind.net/linux/opensuse/distribution/leap/15.5/repo/oss/x86_64/libsoftokn3-3.79.4-150400.3.29.1.x86_64.rpm,0.95
4728,SUSE Linux Enterprise NSS Cryptographic Module,SUSE LLC,NSS,,,libsoftokn3.so;libnssdbm3.so;libfreeblpriv3.so;libaudit.so.1;libaudit.so.1.0.0,libsoftokn3.so,shared-object,,277469c5cd4c85ed56141bf245772251099bdd108bcf01adc3a8a2c86e8602b0,True,0.9,https://rpmfind.net/linux/opensuse/distribution/leap/15.5/repo/oss/x86_64/libsoftokn3-3.79.4-150400.3.29.1.x86_64.rpm,0.95
4729,Linux OpenSSL FIPS Provider,KAYTUS SYSTEM PTE. LTD.,OpenSSL,,,fips.so,openssl-3.0.4.tar.gz,source-tarball,3.0.4,2831843e9a668a0ab478e7020ad63d2d65e51f72977472dc73efcefbafc0c00f,True,0.55,https://github.com/openssl/openssl/releases/download/openssl-3.0.4/openssl-3.0.4.tar.gz.sha256,0.82
4731,NetApp CryptoMod,"NetApp, Inc.",,,,cryptomod_fips.ko,,,,,,,,0.2
4734,Firepower Next-Generation IPS Virtual VMware Cryptographic Module,"Cisco Systems, Inc.",,,,,,,,,,,,0.0
4735,BoringCrypto,"Google, LLC.",,,,,,,,,,,,0.2
4739,Oracle Linux 8 Unbreakable Enterprise Kernel (UEK7) Cryptographic Module and Oracle Linux 9 Unbreakable Enterprise Kernel (UEK7) Cryptographic Module,Oracle Corporation,,,kernel 5.15.0-303.171.5.2.2.el8uek and 5.15.0-303.171.5.2.2.el9uek;libkcapi 1.2.0-2.0.1.el8 and 1.3.1-3.0.1.el9,libkcapi.so.1.2.0;libkcapi.so.1.3.1,libkcapi-1.3.1-3.0.1.el9.x86_64.rpm,distro-package,1.3.1-3.0.1.el9,1ab1ec85cf29af74b9d0911d449726e4f3bdbff2630da43fa6506ea7b9626a66,True,0.85,https://yum.oracle.com/repo/OracleLinux/OL9/3/security/validation/x86_64/repodata/2dbca13b34fdc15809794246f54e3a3a9f4dbcb1711587466188bf67b686f226-primary.xml.gz,0.75
4739,Oracle Linux 8 Unbreakable Enterprise Kernel (UEK7) Cryptographic Module and Oracle Linux 9 Unbreakable Enterprise Kernel (UEK7) Cryptographic Module,Oracle Corporation,,,kernel 5.15.0-303.171.5.2.2.el8uek and 5.15.0-303.171.5.2.2.el9uek;libkcapi 1.2.0-2.0.1.el8 and 1.3.1-3.0.1.el9,libkcapi.so.1.2.0;libkcapi.so.1.3.1,kernel-uek-5.15.0-303.171.5.2.2.el9uek.x86_64.rpm,distro-package,5.15.0-303.171.5.2.2.el9uek,a662dc8b70de5dbe2be3247b0e7468255f57e93a327470d2c22b1dd189772de2,True,0.75,https://yum.oracle.com/repo/OracleLinux/OL9/3/security/validation/x86_64/repodata/2dbca13b34fdc15809794246f54e3a3a9f4dbcb1711587466188bf67b686f226-primary.xml.gz,0.75
4739,Oracle Linux 8 Unbreakable Enterprise Kernel (UEK7) Cryptographic Module and Oracle Linux 9 Unbreakable Enterprise Kernel (UEK7) Cryptographic Module,Oracle Corporation,,,kernel 5.15.0-303.171.5.2.2.el8uek and 5.15.0-303.171.5.2.2.el9uek;libkcapi 1.2.0-2.0.1.el8 and 1.3.1-3.0.1.el9,libkcapi.so.1.2.0;libkcapi.so.1.3.1,libkcapi-1.2.0-2.0.1.el8.x86_64.rpm,distro-package,1.2.0-2.0.1.el8,1af8ba65a962c8a82be8dcb691816694d209e8f0af691fb9c9599c5677cdfa0f,False,0.85,https://yum.oracle.com/repo/OracleLinux/OL8/4/security/validation/x86_64/repodata/6acf86c7bc5d3b3cc7dedc5a7d778b2d43c9697e287dac238aad7f17ae98ec8a-primary.xml.gz,0.75
4739,Oracle Linux 8 Unbreakable Enterprise Kernel (UEK7) Cryptographic Module and Oracle Linux 9 Unbreakable Enterprise Kernel (UEK7) Cryptographic Module,Oracle Corporation,,,kernel 5.15.0-303.171.5.2.2.el8uek and 5.15.0-303.171.5.2.2.el9uek;libkcapi 1.2.0-2.0.1.el8 and 1.3.1-3.0.1.el9,libkcapi.so.1.2.0;libkcapi.so.1.3.1,libkcapi.so.1.2.0,shared-object,,d8c7e29dcd601a05be6e71d9a57497a07f384cc86bef9bf41d63cd2f83e7cfb3,True,0.9,https://yum.oracle.com/repo/OracleLinux/OL8/4/security/validation/x86_64/getPackage/libkcapi-1.2.0-2.0.1.el8.x86_64.rpm,0.75
4739,Oracle Linux 8 Unbreakable Enterprise Kernel (UEK7) Cryptographic Module and Oracle Linux 9 Unbreakable Enterprise Kernel (UEK7) Cryptographic Module,Oracle Corporation,,,kernel 5.15.0-303.171.5.2.2.el8uek and 5.15.0-303.171.5.2.2.el9uek;libkcapi 1.2.0-2.0.1.el8 and 1.3.1-3.0.1.el9,libkcapi.so.1.2.0;libkcapi.so.1.3.1,libkcapi.so.1.3.1,shared-object,,e3cc735944688eec1977a98db27f8e9ca2d9fa2fbad73c2356890b73d4558964,True,0.9,https://yum.oracle.com/repo/OracleLinux/OL9/3/security/validation/x86_64/getPackage/libkcapi-1.3.1-3.0.1.el9.x86_64.rpm,0.75
4740,CipherTrust Transparent Encryption Cryptographic Module,Thales,,,,seccrypto.ko;libvorcrypto.so;vmcrypto.sys,,,,,,,,0.2
4741,Palo Alto Networks Core Crypto Module,"Palo Alto Networks, Inc.",,,,libssl.so.1.1;libcrypto.so.1.1;libssl_dpt13.so.1.1;libcrypto_dpt13.so.1.1,,,,,,,,0.2
4742,SUSE Linux Enterprise GnuTLS Cryptographic Module,"SUSE, LLC",GnuTLS,1.1,1.1,libgnutls.so.30;libnettle.so.8;libhogweed.so.6;libgmp.so.10,libgnutls30-3.7.3-150400.4.35.1.x86_64.rpm,distro-package,3.7.3-150400.4.35.1,,False,0.6,,0.85
4742,SUSE Linux Enterprise GnuTLS Cryptographic Module,"SUSE, LLC",GnuTLS,1.1,1.1,libgnutls.so.30;libnettle.so.8;libhogweed.so.6;libgmp.so.10,libnettle8-3.7.3-150400.2.21.x86_64.rpm,distro-package,3.7.3-150400.2.21,,False,0.55,,0.85
4742,SUSE Linux Enterprise GnuTLS Cryptographic Module,"SUSE, LLC",GnuTLS,1.1,1.1,libgnutls.so.30;libnettle.so.8;libhogweed.so.6;libgmp.so.10,libhogweed6-3.7.3-150400.2.21.x86_64.rpm,distro-package,3.7.3-150400.2.21,,False,0.55,,0.85
4742,SUSE Linux Enterprise GnuTLS Cryptographic Module,"SUSE, LLC",GnuTLS,1.1,1.1,libgnutls.so.30;libnettle.so.8;libhogweed.so.6;libgmp.so.10,libgmp10-6.1.2-4.9.1.x86_64.rpm,distro-package,6.1.2-4.9.1,,False,0.55,,0.85
4743,BC-FJA (Bouncy Castle FIPS Java API),Legion of the Bouncy Castle Inc.,OpenSSL,,,,bc-fips-2.0.0.jar,maven-jar,2.0.0,f6a25fd5744e91cc019a9f79733ae757da6648a80946fad9932041ad05695240,True,0.85,https://repo1.maven.org/maven2/org/bouncycastle/bc-fips/2.0.0/bc-fips-2.0.0.jar.sha256,0.87
4746,Red Hat Enterprise Linux 9 OpenSSL FIPS Provider,"Red Hat®, Inc.",OpenSSL,,,fips.so,openssl-fips-provider-3.0.7-2.0.1.el9.x86_64.rpm,distro-package,3.0.7-2.0.1.el9,a5d03264169f2c3820380217e8de3eafdce22a1a173263eb49b843f79d3afa28,False,0.55,https://yum.oracle.com/repo/OracleLinux/OL9/baseos/latest/x86_64/repodata/0ad04d9d71454a4f7dfb4843a9083c9330866dd4d86a8c271e948672e2320f2a-primary.xml.gz,0.95
4746,Red Hat Enterprise Linux 9 OpenSSL FIPS Provider,"Red Hat®, Inc.",OpenSSL,,,fips.so,openssl-fips-provider-3.5.1-3.el9.x86_64.rpm,distro-package,3.5.1-3.el9,,False,0.2,,0.95
4746,Red Hat Enterprise Linux 9 OpenSSL FIPS Provider,"Red Hat®, Inc.",OpenSSL,,,fips.so,fips.so,shared-object,,a8ac9aa721fc6ec24e2610ad302c8fcc93181461425aacd1eaebbb838209a9f5,True,0.9,https://yum.oracle.com/repo/OracleLinux/OL9/baseos/latest/x86_64/getPackage/openssl-fips-provider-3.0.7-2.0.1.el9.x86_64.rpm,0.95
4750,Kernel Cryptography Module for AlmaLinux 9,"Cloudlinux Inc., TuxCare division",,,kernel 5.14.0-284.1101.el9_2.tuxcare.7;libkcapi 1.3.1-3.el9,libkcapi.so.1.3.1,libkcapi-1.3.1-3.el9.x86_64.rpm,distro-package,1.3.1-3.el9,2e9182996b1979f0dde7206cd858c4db386960242bf178232a917ddad6673efe,False,0.85,https://vault.almalinux.org/9.2/BaseOS/x86_64/os/repodata/d170d4c0e18ca2a7f2aaf5ac09c99b1fb459241e6fc3811f909cfc332cd53d0e-primary.xml.gz,0.75
4750,Kernel Cryptography Module for AlmaLinux 9,"Cloudlinux Inc., TuxCare division",,,kernel 5.14.0-284.1101.el9_2.tuxcare.7;libkcapi 1.3.1-3.el9,libkcapi.so.1.3.1,kernel-5.14.0-284.1101.el9_2.tuxcare.7 (source/binary RPMs),other,5.14.0-284.1101.el9_2.tuxcare.7,,False,0.2,,0.75
4750,Kernel Cryptography Module for AlmaLinux 9,"Cloudlinux Inc., TuxCare division",,,kernel 5.14.0-284.1101.el9_2.tuxcare.7;libkcapi 1.3.1-3.el9,libkcapi.so.1.3.1,libkcapi.so.1.3.1,shared-object,,7649e506ff3e203c9c6fda6128e007cf78fa2d6f9f6f1e67a6fd38849559f730,True,0.9,https://vault.almalinux.org/9.2/BaseOS/x86_64/os/Packages/libkcapi-1.3.1-3.el9.x86_64.rpm,0.75
4753,CorSSL FIPS Object Module,"Corsec Security, Inc.",,,,,,,,,,,,0.0
4754,Red Hat Enterprise Linux 9 libgcrypt,"Red Hat(R), Inc.",libgcrypt,1.10.0,1.10.0-8b6840b590cedd43,libgcrypt.so.20.4.0;libgcrypt.so.20.4,libgcrypt-1.10.0-8.el9_0.x86_64.rpm,distro-package,1.10.0-8.el9_0,,False,0.55,,0.85
4754,Red Hat Enterprise Linux 9 libgcrypt,"Red Hat(R), Inc.",libgcrypt,1.10.0,1.10.0-8b6840b590cedd43,libgcrypt.so.20.4.0;libgcrypt.so.20.4,libgcrypt-1.10.0-8.el9_0.src.rpm,source-tarball,1.10.0-8.el9_0,,False,0.3,,0.85
4755,IBM® Crypto for C,IBM Corporation,,,,libicclib84.dll;libicclib084.so,,,,,,,,0.2
4759,AWS-LC Cryptographic Module (dynamic),Amazon Web Services Inc.,,,,bcm.o;libcrypto.so,aws-lc-AWS-LC-FIPS-2.0.0.tar.gz,source-tarball,AWS-LC FIPS 2.0.0,,False,0.6,,0.35
4761,Mocana Cryptographic Suite B Module,"DigiCert, Inc.",,,,libmss.so,,,,,,,,0.2
4762,PAN-OS 10.2 VM-Series,"Palo Alto Networks, Inc.",,,,,,,,,,,,0.0
4764,Samsung Kernel Cryptographic Module,"Samsung Electronics Co., Ltd.",,,,fips140_post.o;fips140_test.o;fips140_out.o;fips140_integrity.o;fips140_3_services.o;api.o;cipher.o;algapi.o;scatterwalk.o;skcipher.o;ahash.o;shash.o;hmac.o;sha1_generic.o;sha256_generic.o;sha512_generic.o;ecb.o;cbc.o;aes_generic.o;aes-ce-core.o;aes-ce-glue.o;aes-ce.o;aes-glue-ce.o;sha256-core.o;sha256-glue.o;sha2-ce-core.o;sha2-ce-glue.o;sha1-ce-core.o;sha1-ce-glue.o,,,,,,,,0.2
4768,Palo Alto Networks SD-WAN Virtual Instant-On Network (vION),"Palo Alto Networks, Inc.",,,,,,,,,,,,0.0
4770,Cradlepoint Cryptographic Module,"Ericsson Enterprise Wireless Solutions, Inc.",,,,libcrypto.so;libssl.so,,,,,,,,0.2
4773,PAN-OS 11.0 VM-Series,"Palo Alto Networks, Inc.",,,,,,,,,,,,0.0
4774,Red Hat Enterprise Linux 9 NSS Cryptographic Module,"Red Hat(R), Inc.",NSS,,,libfreeblpriv3.so;libsoftokn3.so;libfsoftokn3.so,"nss-softokn-3.101.0-7.el9.src.rpm (and binary RPMs nss-softokn, nss-softokn-freebl for x86_64/s390x/ppc64le)",distro-package,"NSS module version 4.34.0-a20cd33fbbe14357 (embedded NSS/softokn release approx. nss-softokn 3.10x.0 branch shipped in RHEL 9, validation date 2024-08-21)",,False,0.35,,0.65
4775,Junos® OS Evolved OpenSSL Cryptographic Module,"Juniper Networks, Inc.",OpenSSL,3.0.8,3.0.8,fips.so,,,,,,,,0.8
4776,Junos® OS Evolved Kernel Cryptographic Module,"Juniper Networks, Inc.",OpenSSL,,,,,,,,,,,0.4
4779,Oracle Linux 9 OpenSSL FIPS Provider,Oracle Corporation,OpenSSL,,,fips.so,openssl-fips-provider-so-3.0.7-8.0.1.el9.x86_64.rpm,distro-package,3.0.7-8.0.1.el9,88c9b7a566ef523ae2670f93d009a0d47e1ffd3b951c9396eb1cb41d4a8131c3,False,0.6,https://yum.oracle.com/repo/OracleLinux/OL9/baseos/latest/x86_64/repodata/0ad04d9d71454a4f7dfb4843a9083c9330866dd4d86a8c271e948672e2320f2a-primary.xml.gz,0.95
4779,Oracle Linux 9 OpenSSL FIPS Provider,Oracle Corporation,OpenSSL,,,fips.so,openssl-fips-provider-so-3.0.7-6.0.1.el9_5.x86_64.rpm,distro-package,3.0.7-6.0.1.el9_5,26df39dd27a6625a13be14c5a5d42f9d817859da858a0c8bc3bd41e02ae82f1c,True,0.55,https://yum.oracle.com/repo/OracleLinux/OL9/baseos/latest/x86_64/repodata/0ad04d9d71454a4f7dfb4843a9083c9330866dd4d86a8c271e948672e2320f2a-primary.xml.gz,0.95
4779,Oracle Linux 9 OpenSSL FIPS Provider,Oracle Corporation,OpenSSL,,,fips.so,openssl-fips-provider-3.0.7-8.0.1.el9.src.rpm,source-tarball,3.0.7-8.0.1.el9,,False,0.4,,0.95
4779,Oracle Linux 9 OpenSSL FIPS Provider,Oracle Corporation,OpenSSL,,,fips.so,fips.so,shared-object,,a8ac9aa721fc6ec24e2610ad302c8fcc93181461425aacd1eaebbb838209a9f5,True,0.9,https://yum.oracle.com/repo/OracleLinux/OL9/baseos/latest/x86_64/getPackage/openssl-fips-provider-so-3.0.7-6.0.1.el9_5.x86_64.rpm,0.95
4780,Red Hat Enterprise Linux 9 gnutls,"Red Hat, Inc.",GnuTLS,,,libgnutls.so.30;libnettle.so.8;libhogweed.so.6,gnutls-3.7.6-*.el9.x86_64.rpm,distro-package,3.7.6 (RHEL 9.0 GA era),,False,0.4,,0.65
4781,CryptoComply 140-3 FIPS Provider,SafeLogic Inc.,,,"3.0.0-FIPS 140-3, 3.0.1-FIPS 140-3",fips.so;fips.dll;fips.dylib;fips.a,,,,,,,,0.4
4783,Panorama Virtual Appliance 10.2,"Palo Alto Networks, Inc.",,,,,,,,,,,,0.0
4787,Samsung CryptoCore Cryptographic Module,"Samsung Electronics Co., Ltd.",,,,libcryptocore.so.0.1.0,,,,,,,,0.2
4788,Masimo Cryptographic Module,Masimo Corporation,,,,,,,,,,,,0.0
4789,IBM DataPower FIPS Provider,IBM,,,,fips.so,,,,,,,,0.2
4790,"Arista Crypto Module v3.0 [Software, Software IPsec]","Arista Networks, Inc.",,,3.0,fipscanister.o;libcrypto.so,,,,,,,,0.6
4791,"Arista Crypto Module v3.0 [Software, Software IPsec, Web Portal]","Arista Networks, Inc.",,,,fipscanister.o;libcrypto.so,,,,,,,,0.4
4792,Samsung SCrypto Cryptographic Module,"Samsung Electronics Co., Ltd.",,,,fipscanister.o;x64_qsee_release.a;x64_teegris500_sys_release.so,,,,,,,,0.2
4793,Canonical Ltd. Ubuntu 22.04 Libgcrypt Cryptographic Module,Canonical Ltd.,libgcrypt,1.9.4,1.9.4-3ubuntu3+Fips1.2,libgcrypt.so.20.3;libgcrypt.so.20.3.4;libgcrypt.so.20,,,,,,,,0.8
4794,Canonical Ltd. Ubuntu 22.04 OpenSSL Cryptographic Module,Canonical Ltd.,OpenSSL,,,fips.so,,,,,,,,0.6
4796,Red Hat Enterprise Linux 9 Kernel Cryptographic API,"Red Hat(R), Inc.",,,5.14.0-70.53.1.el9_0;1.3.1-3.el9,libkcapi.so.1.3.1,libkcapi-1.3.1-3.el9.x86_64.rpm,distro-package,1.3.1-3.el9,,False,0.5,,0.45
4796,Red Hat Enterprise Linux 9 Kernel Cryptographic API,"Red Hat(R), Inc.",,,5.14.0-70.53.1.el9_0;1.3.1-3.el9,libkcapi.so.1.3.1,libkcapi.so.1.3.1 (kernel 5.14.0-70.53.1.el9_0),other,5.14.0-70.53.1.el9_0 / 1.3.1-3.el9,,False,0.3,,0.45
4800,PQCryptoLib,PQShield LTD,,,1.0.0,libpqcrypto.so.1.0.0,,,,,,,,0.4
4801,Oracle Linux 9 NSS Cryptographic Module,Oracle Corporation,NSS,,,libfreeblpriv3.so;libsoftokn3.so;libfsoftokn3.so,nss-softokn-3.90.0-7.el9_4.x86_64.rpm,distro-package,3.90.0-7.el9_4,1b059c3f3a632703ff1798ada8255fea2d757840fcea66a46930c514da8dc865,True,0.6,https://linux.oracle.com/errata/ELBA-2024-2563.html,0.95
4801,Oracle Linux 9 NSS Cryptographic Module,Oracle Corporation,NSS,,,libfreeblpriv3.so;libsoftokn3.so;libfsoftokn3.so,nss-softokn-freebl-3.90.0-7.el9_4.x86_64.rpm,distro-package,3.90.0-7.el9_4,50b5aae4b0605cda924cfd4387b542575c689e99d9c4005c83dcb3cf44439875,True,0.6,https://linux.oracle.com/errata/ELBA-2024-2563.html,0.95
4801,Oracle Linux 9 NSS Cryptographic Module,Oracle Corporation,NSS,,,libfreeblpriv3.so;libsoftokn3.so;libfsoftokn3.so,nss-3.90.0-7.el9_4.x86_64.rpm,distro-package,3.90.0-7.el9_4,b9bfabc1639bb104645a53dd60a8b23151f41ed9f25e444345941efe4eb7b5c4,True,0.4,https://linux.oracle.com/errata/ELBA-2024-2563.html,0.95
4801,Oracle Linux 9 NSS Cryptographic Module,Oracle Corporation,NSS,,,libfreeblpriv3.so;libsoftokn3.so;libfsoftokn3.so,nss-softokn-3.90.0-7.el9_4.aarch64.rpm,distro-package,3.90.0-7.el9_4,40120f9d81a77f7a6021e26891d466df9435afc59620a471378f7b6ad255d316,True,0.55,https://linux.oracle.com/errata/ELBA-2024-2563.html,0.95
4801,Oracle Linux 9 NSS Cryptographic Module,Oracle Corporation,NSS,,,libfreeblpriv3.so;libsoftokn3.so;libfsoftokn3.so,nss-softokn-freebl-3.90.0-7.el9_4.aarch64.rpm,distro-package,3.90.0-7.el9_4,cf4f38887e999c4f6594f40a2669f6d7dcd0df0951f375fddf4db9bce8ca2001,True,0.55,https://linux.oracle.com/errata/ELBA-2024-2563.html,0.95
4801,Oracle Linux 9 NSS Cryptographic Module,Oracle Corporation,NSS,,,libfreeblpriv3.so;libsoftokn3.so;libfsoftokn3.so,libsoftokn3.so,shared-object,,129cfe3f4d06328131c702a1cdecb63b1f9033931094494a9f3b45f492d6605d,True,0.9,https://yum.oracle.com/repo/OracleLinux/OL9/appstream/aarch64/getPackage/nss-softokn-3.90.0-7.el9_4.aarch64.rpm,0.95
4801,Oracle Linux 9 NSS Cryptographic Module,Oracle Corporation,NSS,,,libfreeblpriv3.so;libsoftokn3.so;libfsoftokn3.so,libfreebl3.so,shared-object,,580461c26c3508a76d1c6776b120878399d6650f7627eb26e35e93cc168ff267,True,0.9,https://yum.oracle.com/repo/OracleLinux/OL9/appstream/aarch64/getPackage/nss-softokn-freebl-3.90.0-7.el9_4.aarch64.rpm,0.95
4801,Oracle Linux 9 NSS Cryptographic Module,Oracle Corporation,NSS,,,libfreeblpriv3.so;libsoftokn3.so;libfsoftokn3.so,libfreeblpriv3.so,shared-object,,264896052640a4b11f8546cdfefe1a914db566c772079b3e865e899d0993ee4d,True,0.9,https://yum.oracle.com/repo/OracleLinux/OL9/appstream/aarch64/getPackage/nss-softokn-freebl-3.90.0-7.el9_4.aarch64.rpm,0.95
4801,Oracle Linux 9 NSS Cryptographic Module,Oracle Corporation,NSS,,,libfreeblpriv3.so;libsoftokn3.so;libfsoftokn3.so,libnss3.so,shared-object,,71ab6e218eb28dfc7bb98e147d44e78c9f44fe1c391dd07fe48fbdc88ce72de1,True,0.9,https://yum.oracle.com/repo/OracleLinux/OL9/appstream/x86_64/getPackage/nss-3.90.0-7.el9_4.x86_64.rpm,0.95
4801,Oracle Linux 9 NSS Cryptographic Module,Oracle Corporation,NSS,,,libfreeblpriv3.so;libsoftokn3.so;libfsoftokn3.so,libsmime3.so,shared-object,,b4a9f805427aa2cb7c2c6bcd1c37b12eb6a4b36ce58bd9cbf441828ef1b07291,True,0.9,https://yum.oracle.com/repo/OracleLinux/OL9/appstream/x86_64/getPackage/nss-3.90.0-7.el9_4.x86_64.rpm,0.95
4801,Oracle Linux 9 NSS Cryptographic Module,Oracle Corporation,NSS,,,libfreeblpriv3.so;libsoftokn3.so;libfsoftokn3.so,libssl3.so,shared-object,,960d4ec5bae9f23f649978a6d5d170c97a556b18abb65491ddb3d9b76c9d552a,True,0.9,https://yum.oracle.com/repo/OracleLinux/OL9/appstream/x86_64/getPackage/nss-3.90.0-7.el9_4.x86_64.rpm,0.95
4801,Oracle Linux 9 NSS Cryptographic Module,Oracle Corporation,NSS,,,libfreeblpriv3.so;libsoftokn3.so;libfsoftokn3.so,libsoftokn3.so,shared-object,,51a0bd309a5116054569ce44b7dfe267ff311cc3aab0520f9c8b3257eb38f113,True,0.9,https://yum.oracle.com/repo/OracleLinux/OL9/appstream/x86_64/getPackage/nss-softokn-3.90.0-7.el9_4.x86_64.rpm,0.95
4801,Oracle Linux 9 NSS Cryptographic Module,Oracle Corporation,NSS,,,libfreeblpriv3.so;libsoftokn3.so;libfsoftokn3.so,libfreebl3.so,shared-object,,4efa00d11306561344ff595528a29ee650d084c358980ba7dbf479d63f67dd4d,True,0.9,https://yum.oracle.com/repo/OracleLinux/OL9/appstream/x86_64/getPackage/nss-softokn-freebl-3.90.0-7.el9_4.x86_64.rpm,0.95
4801,Oracle Linux 9 NSS Cryptographic Module,Oracle Corporation,NSS,,,libfreeblpriv3.so;libsoftokn3.so;libfsoftokn3.so,libfreeblpriv3.so,shared-object,,78fba34be2b540e37da908ad748097405d54e1abcff13c832631bf4e4ef7755e,True,0.9,https://yum.oracle.com/repo/OracleLinux/OL9/appstream/x86_64/getPackage/nss-softokn-freebl-3.90.0-7.el9_4.x86_64.rpm,0.95
4804,Red Hat Enterprise Linux 8 Kernel Cryptographic API,"Red Hat(R), Inc.",,,,libkcapi.so.1.2.0,libkcapi-1.2.0-2.el8.x86_64.rpm,distro-package,1.2.0-2.el8,42f48b1707318215f904134e014d00fac2d811ccc01943abc718b31ef05c0f34,True,0.7,http://vault.centos.org/8-stream/BaseOS/x86_64/os/repodata/20dad8e3699fb348393528c7df8573ad81576995dac057a1480130ea1f1e1f4d-primary.xml.gz,0.55
4804,Red Hat Enterprise Linux 8 Kernel Cryptographic API,"Red Hat(R), Inc.",,,,libkcapi.so.1.2.0,libkcapi.so.1.2.0,shared-object,,ceb87f8a415b63cfe1c52110d18ee48502a253184ef25a7a39910e70ea0e9a0f,True,0.9,http://vault.centos.org/8-stream/BaseOS/x86_64/os/Packages/libkcapi-1.2.0-2.el8.x86_64.rpm,0.55
4805,Panorama Virtual Appliance 10.1,"Palo Alto Networks, Inc.",,,10.1.5,,,,,,,,,0.2
4808,Amazon Linux 2023 Kernel Cryptographic API,"Amazon Web Services, Inc.",,,"kernel 6.1.41-64.118.amzn2023, 6.1.41-64.118.fips.amzn2023;libkcapi 1.4.0-105.amzn2023",libkcapi.so.1.4.0,kernel-6.1.41-64.118.amzn2023.x86_64.rpm,distro-package,6.1.41-64.118.amzn2023,,False,0.4,,0.4
4808,Amazon Linux 2023 Kernel Cryptographic API,"Amazon Web Services, Inc.",,,"kernel 6.1.41-64.118.amzn2023, 6.1.41-64.118.fips.amzn2023;libkcapi 1.4.0-105.amzn2023",libkcapi.so.1.4.0,libkcapi-1.4.0-105.amzn2023.x86_64.rpm,distro-package,1.4.0-105.amzn2023,,False,0.4,,0.4
4809,Qualcomm® Trusted Execution Environment (TEE) Software Cryptographic Library,"Qualcomm Technologies, Inc.",,,,,,,,,,,,0.0
4815,VMware VMkernel Cryptographic Module 2.0,"VMware, Inc.",,,,,,,,,,,,0.0
4816,AWS-LC Cryptographic Module (static),Amazon Web Services Inc.,,,,bcm.o,"aws-lc source tree at tag AWS-LC-FIPS-2.0.0 (crypto/fipsmodule/bcm.c, compiled to bcm.o)",source-tarball,AWS-LC FIPS 2.0.0,,False,0.75,,0.35
4817,"Apple corecrypto Module v12.0 [Apple silicon, User, Software, SL1]",Apple Inc.,,,12.0,,,,,,,,,0.2
4818,Mocana Cryptographic Loadable Kernel Module,"DigiCert, Inc.",,,,moc_crypto.ko,,,,,,,,0.2
4819,AMD Pensando PenTrust Security Module,"Advanced Micro Devices, Inc. (AMD)",,,,,,,,,,,,0.0
4820,Junos® OS Evolved MACsec Cryptographic Library,"Juniper Networks, Inc.",,,1.2,libquicksec-macsec.so.1,,,,,,,,0.4
4822,SUSE Linux Enterprise Libica Cryptographic Module,"SUSE, LLC",OpenSSL,,,libica.so.4.2.1,"libica-4.2.1 (libica.so.4.2.1, SLES 15 SP4 s390x package family, e.g. libica-openssl3-tools/libica4)",distro-package,4.2.1,,False,0.4,,0.65
4823,OpenSSL FIPS Provider for AlmaLinux 9,"Cloudlinux Inc., TuxCare division",OpenSSL,3.0.7,3.0.7-1d2bd88ee26b3c90,fips.so,openssl-3.0.7-20.el9_2.tuxcare.1.x86_64.rpm,distro-package,3.0.7-1d2bd88ee26b3c90,,False,0.4,,0.85
4828,GlobalProtect App,"Palo Alto Networks, Inc.",,,,,,,,,,,,0.0
4835,Forcepoint NGFW Cryptographic Kernel Module,Forcepoint,,,3.0,qcl_fips.ko,,,,,,,,0.4
4846,Red Hat Enterprise Linux 9 gnutls,"Red Hat, Inc.",GnuTLS,,,libgnutls.so.30;libnettle.so.8;libhogweed.so.6,gnutls-3.7.6-23.el9.x86_64.rpm,distro-package,3.7.6-23.el9,,False,0.4,,0.65
4846,Red Hat Enterprise Linux 9 gnutls,"Red Hat, Inc.",GnuTLS,,,libgnutls.so.30;libnettle.so.8;libhogweed.so.6,libgnutls.so.30 / libnettle.so.8 / libhogweed.so.6 (+ .hmac files),other,3.7.6,,False,0.3,,0.65
4847,Keysight BC-FJA (Bouncy Castle FIPS Java API) for Network Visibility,Keysight Technologies,OpenSSL,,2.0.0,,bc-fips-2.0.0.jar,maven-jar,2.0.0,f6a25fd5744e91cc019a9f79733ae757da6648a80946fad9932041ad05695240,True,0.85,https://repo1.maven.org/maven2/org/bouncycastle/bc-fips/2.0.0/bc-fips-2.0.0.jar.sha256,1.0
4854,"Apple corecrypto Module v12.0 [Apple silicon, Kernel, Software, SL1]",Apple Inc.,,,,,,,,,,,,0.0
4855,Canonical Ltd. Ubuntu 22.04 GnuTLS Cryptographic Module,Canonical Ltd.,GnuTLS,,,libgnutls.so.30;libnettle.so.8;libhogweed.so.6;libgmp.so.10,,,,,,,,0.6
4857,Red Hat Enterprise Linux 9 - OpenSSL FIPS Provider,"Red Hat(R), Inc.",OpenSSL,,,fips.so,openssl-fips-provider-3.0.7-18.el9_2.x86_64.rpm,distro-package,3.0.7-18.el9_2,,False,0.5,,0.8
4857,Red Hat Enterprise Linux 9 - OpenSSL FIPS Provider,"Red Hat(R), Inc.",OpenSSL,,,fips.so,openssl-fips-provider-3.5.1-5.el9.x86_64.rpm,distro-package,3.5.1-5.el9,,False,0.2,,0.8
4857,Red Hat Enterprise Linux 9 - OpenSSL FIPS Provider,"Red Hat(R), Inc.",OpenSSL,,,fips.so,fips.so,shared-object,,30f7107ec02134e4318d2387465168d1726790871f65881981d7a4368e192761,False,0.7,http://mirror.stream.centos.org/9-stream/BaseOS/x86_64/os/Packages/openssl-fips-provider-3.5.1-5.el9.x86_64.rpm,0.8
4863,Cradlepoint Kernel Cryptographic Module,"Ericsson Enterprise Wireless Solutions, Inc.",,,,,,,,,,,,0.0
4865,VMware’s Linux Kernel Cryptographic Module,Broadcom Inc.,,,,fips_canister.o,,,,,,,,0.2
4871,Motorola Solutions Cryptographic Software Module,"Motorola Solutions, Inc.",,,R01.15.00,libALG.dll,,,,,,,,0.4
4873,Edge SWG,"Symantec, A Division of Broadcom",,,,,,,,,,,,0.0
4876,Hewlett Packard Enterprise OpenSSL 3 Provider,Hewlett Packard Enterprise,OpenSSL,,,fips.so,,,,,,,,0.6
4878,Juniper Express 4 MACsec Cryptographic Module,"Juniper Networks, Inc.",,,,libmacsecv2.so,,,,,,,,0.2
4885,ZPE Systems FIPS Provider for OpenSSL 3,ZPE Systems,OpenSSL,,,fips.so,,,,,,,,0.6
4886,Gallagher FIPS Provider for OpenSSL 3,Gallagher Group Ltd,OpenSSL,,,fips.so,,,,,,,,0.6
4887,Extreme Networks Cryptographic Provider 3,Extreme Networks,OpenSSL,,,fips.so,,,,,,,,0.6
4888,Keysight OpenSSL 3 FIPS Provider for Network Visibility,Keysight Technologies,OpenSSL,,,fips.so,,,,,,,,0.6
4889,AIX FIPS Crypto Provider for OpenSSL 3,IBM,OpenSSL,,,fips.so,,,,,,,,0.6
4890,Riverbed Cryptographic Module 3.0,"Riverbed Technology, LLC",OpenSSL,,,fips.so,,,,,,,,0.6
4892,Dell™ BSAFE™ Crypto Module for Java 7.0,"Dell Inc., BSAFE Product Team",,,7.0,jcmFIPS-7.0.jar,,,,,,,,0.4
4894,Canonical Ltd. Ubuntu 22.04 Kernel Crypto API Cryptographic Module,Canonical Ltd.,,,,libkcapi.so.1.4.0,libkcapi1_1.4.0-1_amd64.deb,distro-package,1.4.0-1,,False,0.55,,0.25
4894,Canonical Ltd. Ubuntu 22.04 Kernel Crypto API Cryptographic Module,Canonical Ltd.,,,,libkcapi.so.1.4.0,libkcapi_1.4.0.orig.tar.xz,source-tarball,1.4.0,,False,0.4,,0.25
4895,Cryptographic Module for BIG-IP,"F5, Inc.",,,1.0.2za-fips,libcrypto.so.1.0.2,,,,,,,,0.4
4896,Qualcomm® Trusted Execution Environment (TEE) Software Cryptographic Library,"Qualcomm Technologies, Inc.",,,,,,,,,,,,0.0
4897,CorSSL,"Corsec Security, Inc.",,,,,,,,,,,,0.0
4898,SafeZone FIPS SW Cryptographic Module,Rambus Inc.,,,v2.0,libsafezone-sw-fips.so,,,,,,,,0.4
4900,Panzura CloudFS™ FIPS Cryptographic Module,Panzura,OpenSSL,,,fips.so,,,,,,,,0.6
4906,FUJIFILM BI Cryptographic Kernel Module for WRL,FUJIFILM Business Innovation Corp.,,,,wrl6_fips_1403_module.ko;wrl9_fips_1403_module.ko;Wrl9_fips_1403_module.ko,,,,,,,,0.2
4908,Mediant Virtual Edition SBC and Cloud Edition SBC,AudioCodes Ltd.,,,,,,,,,,,,0.0
4910,Digital.ai Key & Data Protection Module,"Digital.ai Software, Inc.",,,8.3.1,libtfit_fips_module.so,,,,,,,,0.4
4911,Canonical Ltd. Ubuntu 22.04 Strongswan Cryptographic Module,Canonical Ltd.,OpenSSL,,,libstrongswan.so.0.0.0;libstrongswan-openssl.so;libcharon.so.0.0.0;fips-prf.so;nonce.so;dnskey.so;pem.so;pgp.so;pkcs1.so;pkcs7.so;pkcs8.so;pkcs12.so;pubkey.so;sshkey.so;x509.so;constraints.so;revocation.so;kernel-netlink.so;socket-default.so;stroke.so;attr.so;resolve.so;updown.so;libkcapi.so.1.4.0;fips.so,"strongswan (source package, Ubuntu 22.04 Jammy)",distro-package,5.9.5-2ubuntu2.x (approx; exact FIPS-tested build not confirmed),,False,0.3,,0.65
4912,CryptoComply for Java 140-3,SafeLogic Inc.,,,,ccj-4.0.0.jar,,,,,,,,0.32
4919,"Apple corecrypto Module v13.0 [Intel, Kernel, Software, SL1]",Apple Inc.,,,v13.0,,,,,,,,,0.2
4922,Cohesity FIPS Object Module,"Cohesity, Inc.",OpenSSL,,,fips.so,,,,,,,,0.6
4923,HID/Mercury FIPS Provider for OpenSSL 3,[email protected],OpenSSL,,,fips.so,,,,,,,,0.6
4924,Snowflake FIPS Provider,[email protected],OpenSSL,,,fips.so,,,,,,,,0.6
4925,Sophos Cryptographic Module,Sophos Ltd.,OpenSSL,,,fips.so,,,,,,,,0.6
4926,Tanium FIPS OpenSSL 3.0 Module,[email protected],OpenSSL,3.0,,fips.so,,,,,,,,0.8
4931,FortiClient Crypto Library,Fortinet Technologies Inc.,,,7.0.2,Fccryptd.exe;fccryptd.exe;FCCryptd.exe;FortIPS.sys;Fortips.sys;libcrypto-1_1.dll;FCCrypt.dll;x64.dll;libssl-1_1.dll;libssl-1_1-x64.dll;Fccryptd.dll;Fccrypd.exe,,,,,,,,0.4
4935,Panorama Virtual Appliance 11.0,"Palo Alto Networks, Inc.",,,,,,,,,,,,0.0
4937,Purity Encryption Module,"Pure Storage, Inc.",,,FA-1.5,libcrypto.so,,,,,,,,0.4
4942,Dell BSAFE™ Crypto Module,"Dell Australia Pty Limited, BSAFE Product Team",,,,fipsobj.o;libdellbcm.a,,,,,,,,0.2
4943,BC-FJA (Bouncy Castle FIPS Java API),Legion of the Bouncy Castle Inc.,OpenSSL,,2.1.1,,bc-fips-2.1.1.jar,maven-jar,2.1.1,a430d935ad6cec6d045930758457740f5a5f8f9715894e347f6800f7926a7321,True,0.9,https://repo1.maven.org/maven2/org/bouncycastle/bc-fips/2.1.1/bc-fips-2.1.1.jar.sha256,1.0
4944,Allegro Cryptographic Engine,Allegro Software Development Corporation,,,,AceDll.dll;Acelib.so,,,,,,,,0.2
4948,"Apple corecrypto Module v13.0 [Intel, User, Software, SL1]",Apple Inc.,,,,,,,,,,,,0.0
4950,Radiant Logic Cryptographic Module for Go,Radiant Logic,,,2.1.2,,,,,,,,,0.2
4951,"Apple corecrypto Module v12 [Intel, User, Software]","Apple, Inc.",,,,,,,,,,,,0.0
4953,BoringCrypto,"Google, LLC.",,,,bcm.o,boringssl-a430310d6563c0734ddafca7731570dfb683dc19.tar.xz,source-tarball,2023042800,2d5339b756dbf1ceb4fdc4b1c8f19e32ded055292dc57827a6592f15ca9d359f,True,1,https://csrc.nist.gov/CSRC/media/projects/cryptographic-module-validation-program/documents/security-policies/140sp4953.pdf,0.62
4953,BoringCrypto,"Google, LLC.",,,,bcm.o,manifest_10050109.xml,other,10050109,,False,0.6,,0.62
4956,"Apple corecrypto Module v12 [Intel, Kernel, Software]","Apple, Inc.",,,,,,,,,,,,0.0
4967,Dell BSAFE™ Crypto Module for C,"Dell Australia Pty Limited, BSAFE Product Team",,,3.0.1,libdellbcm3.so;libdellbcm3.a;dellbcm3.dll,,,,,,,,0.4
4968,SUSE Rancher Kubernetes Cryptographic Library,SUSE LLC,,,,,,,,,,,,0.0
4969,Gloo Boring Crypto,Solo.io,,,,,,,,,,,,0.2
4970,Honeywell Mobility Edge™ Boring Crypto,Honeywell International Inc.,BoringSSL,,2022061300,,,,,,,,,0.8
4971,Amazon Linux 2023 Libgcrypt Cryptographic Module,"Amazon Web Services, Inc.",libgcrypt,,,libgcrypt.so.20.4.2,libgcrypt-1.10.2-1.amzn2023.0.1.x86_64.rpm,distro-package,1.10.2-1.amzn2023.0.1,,False,0.5,,0.65
4973,VMware's BoringCrypto Module,Broadcom Inc.,BoringSSL,,2022061300,,,,,,,,,0.8
4974,SE Cryptographic Library,Schneider Electric IT Corporation,OpenSSL,,,,bc-fips-2.0.0.jar,maven-jar,2.0.0,f6a25fd5744e91cc019a9f79733ae757da6648a80946fad9932041ad05695240,True,0.7,https://repo1.maven.org/maven2/org/bouncycastle/bc-fips/2.0.0/bc-fips-2.0.0.jar.sha256,0.87
4975,Certes Java Cryptographic Module,"Certes Networks, Inc.",OpenSSL,,,,bc-fips-2.0.0.jar,maven-jar,2.0.0,f6a25fd5744e91cc019a9f79733ae757da6648a80946fad9932041ad05695240,True,0.9,https://repo1.maven.org/maven2/org/bouncycastle/bc-fips/2.0.0/bc-fips-2.0.0.jar.sha256,0.87
4976,Keeper Security Cryptographic Module v2,"Keeper Security, Inc.",OpenSSL,,2.0.0,,bc-fips-2.0.0.jar,maven-jar,2.0.0,f6a25fd5744e91cc019a9f79733ae757da6648a80946fad9932041ad05695240,True,0.9,https://repo1.maven.org/maven2/org/bouncycastle/bc-fips/2.0.0/bc-fips-2.0.0.jar.sha256,1.0
4977,Copeland TempTrak Java Crypto Library,"Copeland, LP",OpenSSL,,,,bc-fips-2.0.0.jar,maven-jar,2.0.0,f6a25fd5744e91cc019a9f79733ae757da6648a80946fad9932041ad05695240,True,0.75,https://repo1.maven.org/maven2/org/bouncycastle/bc-fips/2.0.0/bc-fips-2.0.0.jar.sha256,0.87
4980,Kiteworks Cryptographic Module,Kiteworks,OpenSSL,,,fips.so,,,,,,,,0.6
4981,Covidence FIPS Provider for OpenSSL 3,Covidence A/S,OpenSSL,,,fips.so,,,,,,,,0.6
4982,Ideem ZSM Cryptographic Module,"Ideem, Inc.",,,,libcrypto.so;libsecurikey.so;libssl.so;libcrypto.dylib;libsecurikey.dylib;libssl.dylib,,,,,,,,0.2
4985,OpenSSL FIPS Provider,The OpenSSL Project,OpenSSL,,,fips.so;fips.dll;fips.dylib,openssl-3.1.2.tar.gz,source-tarball,3.1.2,a0ce69b8b97ea6a35b96875235aa453b966ba3cba8af2de23657d8b6767d6539,True,0.75,https://raw.githubusercontent.com/conan-io/conan-center-index/master/recipes/openssl/3.x.x/conandata.yml,0.82
4986,VMware's BC-FJA (Bouncy Castle FIPS Java API),Broadcom Inc.,OpenSSL,,,,bc-fips-2.0.0.jar,maven-jar,2.0.0,f6a25fd5744e91cc019a9f79733ae757da6648a80946fad9932041ad05695240,True,0.75,https://repo1.maven.org/maven2/org/bouncycastle/bc-fips/2.0.0/bc-fips-2.0.0.jar.sha256,0.87
4988,Dynatrace Cryptographic Module,Dynatrace LLC,,,1.1,,,,,,,,,0.2
4989,Commvault Crypto Library,"Commvault Systems, Inc.",,,,cvcl.dll;libcvcl.so;cvcl_ver.exe,,,,,,,,0.2
4993,Oracle Linux 9 libgcrypt Cryptographic Module,Oracle Corporation,libgcrypt,,,libgcrypt.so.20.4.0,libgcrypt-1.10.0-*.el9*.x86_64.rpm,distro-package,1.10.0,,False,0.5,,0.65
4998,ISC Cryptographic Development Kit (CDK),Information Security Corporation,,,,libcdkc.so.81.2.3;cdkc8123Sx64.dll,,,,,,,,0.2
5001,Arista Crypto Module,"Arista Networks, Inc.",,,,fips.so,,,,,,,,0.2
5002,CorSSL,"Corsec Security, Inc.",,,,,,,,,,,,0.0
5003,Sunhillo Cryptographic Module,Sunhillo Corporation,,,1.1.1s.006,,,,,,,,,0.2
5004,Signify Trulifi Cryptographic Module,Signify North America Corporation,,,,,,,,,,,,0.0
5005,G&D Cryptographic Module,Guntermann & Drunck GmbH,,,,,,,,,,,,0.0
5006,Skydio Cryptographic Module,"Skydio, Inc.",,,2.0,,,,,,,,,0.2
5010,Tetrate BoringCrypto,"Tetrate.io, Inc",,,,,,,,,,,,0.1
5011,HP Poly Cryptographic Module,"Hewlett Packard, Inc.",,,,,,,,,,,,0.0
5012,Samsung BoringCrypto Android,"Samsung Electronics Co., Ltd.",BoringSSL,,2022061300,,,,,,,,,0.8
5014,Amazon Linux 2023 NSS Cryptographic Module,"Amazon Web Services, Inc.",NSS,,,libfreeblpriv3.so;libsoftokn3.so;libfsoftokn3.so,nss-softokn-freebl-3.90.0-7.amzn2023.0.1.x86_64.rpm,distro-package,3.90.0-7.amzn2023.0.1,85fde1a8bac535e89a61e7532c18a2d1e25f12c279babd328fcf3cc1bf86091c,True,0.5,https://cdn.amazonlinux.com/al2023/core/guids/afbfb1520b8c3c502390fae871ec490d87e317f5b58a51483259c2b11a5e16c0/x86_64/repodata/primary.xml.gz,0.82
5014,Amazon Linux 2023 NSS Cryptographic Module,"Amazon Web Services, Inc.",NSS,,,libfreeblpriv3.so;libsoftokn3.so;libfsoftokn3.so,nss-softokn-3.90.0-7.amzn2023.0.1.x86_64.rpm,distro-package,3.90.0-7.amzn2023.0.1,8bfb9efa21d957f1418fc73097f48f984f7a5bacdeb3ac64930250ec977698af,True,0.5,https://cdn.amazonlinux.com/al2023/core/guids/afbfb1520b8c3c502390fae871ec490d87e317f5b58a51483259c2b11a5e16c0/x86_64/repodata/primary.xml.gz,0.82
5015,Amazon Linux 2023 GnuTLS Cryptographic Module,"Amazon Web Services, Inc.",GnuTLS,,,libgnutls.so.30;libnettle.so.8;libhogweed.so.6;libgmp.so.10,gnutls-3.8.0-376.amzn2023.0.2.x86_64.rpm,distro-package,3.8.0-376.amzn2023.0.2,,False,0.7,,0.65
5015,Amazon Linux 2023 GnuTLS Cryptographic Module,"Amazon Web Services, Inc.",GnuTLS,,,libgnutls.so.30;libnettle.so.8;libhogweed.so.6;libgmp.so.10,nettle-3.8-1.amzn2023.0.2.x86_64.rpm,distro-package,3.8-1.amzn2023.0.2,,False,0.7,,0.65
5015,Amazon Linux 2023 GnuTLS Cryptographic Module,"Amazon Web Services, Inc.",GnuTLS,,,libgnutls.so.30;libnettle.so.8;libhogweed.so.6;libgmp.so.10,gmp-6.2.1-2.amzn2023.0.2.x86_64.rpm,distro-package,6.2.1-2.amzn2023.0.2,,False,0.7,,0.65
5016,CTERA Crypto Module™ (Java),CTERA Networks Ltd.,,,,,,,,,,,,0.12
5017,Riverbed Cryptographic Module,"Riverbed Technology, LLC",,,,libcrypto.so;libssl.so,,,,,,,,0.2
5019,Trellix FIPS Provider,Musarubra US LLC,OpenSSL,,,fips.so,,,,,,,,0.6
5020,SSH Communications Security Cryptographic Module,"SSH Communications Security, Oyj.",OpenSSL,,,fips.so,,,,,,,,0.6
5021,Amazon Linux 2023 OpenSSL FIPS Provider,"Amazon Web Services, Inc.",OpenSSL,,,fips.so,openssl-fips-provider-certified-so-3.0.8-1.amzn2023.0.1.x86_64.rpm,distro-package,3.0.8-1.amzn2023.0.1,2928b295306530f4207594f32ac0879c994f69ecacf1dc127f3ef9b6e160862c,True,0.9,https://cdn.amazonlinux.com/al2023/core/guids/afbfb1520b8c3c502390fae871ec490d87e317f5b58a51483259c2b11a5e16c0/x86_64/repodata/primary.xml.gz,0.82
5021,Amazon Linux 2023 OpenSSL FIPS Provider,"Amazon Web Services, Inc.",OpenSSL,,,fips.so,openssl-fips-provider-certified-3.0.8-1.amzn2023.0.1.x86_64.rpm,distro-package,3.0.8-1.amzn2023.0.1,76ba8cbdfe6afbdcd0e70d3ac40d1dd62c469148c6b89b21a6416d01ce729dda,True,0.5,https://cdn.amazonlinux.com/al2023/core/guids/afbfb1520b8c3c502390fae871ec490d87e317f5b58a51483259c2b11a5e16c0/x86_64/repodata/primary.xml.gz,0.82
5022,Red Hat Enterprise Linux 9 NSS Cryptographic Module,"Red Hat, Inc",NSS,,,libsoftokn3.so;libfreeblpriv3.so,"nss-softokn-freebl-3.90.0-7.el9.x86_64.rpm (libsoftokn3.so, libfreeblpriv3.so)",distro-package,"3.90.0-4408e3bb8a34af3a (upstream nss-softokn 3.90.0, e.g. el9 build 3.90.0-7.el9)",,False,0.5,,0.65
5023,OpenSSL Cryptographic Module,"F5, Inc.",OpenSSL,,,libcrypto.so.1.0.2,,,,,,,,0.6
5026,Ergotron Cryptographic Module,"Ergotron, Inc.",,,,,,,,,,,,0.0
5031,NSS cryptography module for AlmaLinux 9,"Cloudlinux Inc., TuxCare division",NSS,,,libsoftokn3.so;libfreeblpriv3.so,,,,,,,,0.6
5032,Intel® QuickAssist Technology (QAT) Provider,Intel Corporation,OpenSSL,,,qatprovider.so;libcrypto_mb.so;libIPsec_MB.so;qat_4xxx.ko;usdm_drv.ko;intel_qat.ko;libusdm_drv_s.so;libqat_s.so,QAT_Engine v1.3.1 source (tag v1.3.1),source-tarball,1.3.1,,False,0.75,,0.65
5032,Intel® QuickAssist Technology (QAT) Provider,Intel Corporation,OpenSSL,,,qatprovider.so;libcrypto_mb.so;libIPsec_MB.so;qat_4xxx.ko;usdm_drv.ko;intel_qat.ko;libusdm_drv_s.so;libqat_s.so,qatprovider-fips-1.3.1-1.el9.x86_64.rpm,distro-package,1.3.1-1.el9,,False,0.6,,0.65
5032,Intel® QuickAssist Technology (QAT) Provider,Intel Corporation,OpenSSL,,,qatprovider.so;libcrypto_mb.so;libIPsec_MB.so;qat_4xxx.ko;usdm_drv.ko;intel_qat.ko;libusdm_drv_s.so;libqat_s.so,libIPsec_MB.so (intel-ipsec-mb v1.3),source-tarball,1.3,,False,0.5,,0.65
5032,Intel® QuickAssist Technology (QAT) Provider,Intel Corporation,OpenSSL,,,qatprovider.so;libcrypto_mb.so;libIPsec_MB.so;qat_4xxx.ko;usdm_drv.ko;intel_qat.ko;libusdm_drv_s.so;libqat_s.so,libcrypto_mb.so (IPP-Crypto ippcp_2021.7.1),source-tarball,ippcp_2021.7.1,,False,0.5,,0.65
5034,Red Hat Enterprise Linux 9 Kernel Cryptographic API,"Red Hat, Inc.",,,,libkcapi.so.1.3.1,libkcapi-1.3.1-3.el9.x86_64.rpm,distro-package,1.3.1-3.el9,,False,0.4,,0.25
5034,Red Hat Enterprise Linux 9 Kernel Cryptographic API,"Red Hat, Inc.",,,,libkcapi.so.1.3.1,kernel-5.14.0-284.1101.el9_2.x86_64.rpm,distro-package,5.14.0-284.1101.el9_2,,False,0.3,,0.25
5036,Oracle Linux 9 Kernel Crypto API Cryptographic Module,Oracle Corporation,,,,libkcapi.so.1.3.1,libkcapi-1.3.1-3.0.1.el9.x86_64.rpm,distro-package,1.3.1-3.0.1.el9,,False,0.55,,0.4
5036,Oracle Linux 9 Kernel Crypto API Cryptographic Module,Oracle Corporation,,,,libkcapi.so.1.3.1,libkcapi-1.3.1-3.el9.x86_64.rpm,distro-package,1.3.1-3.el9,,False,0.3,,0.4
5036,Oracle Linux 9 Kernel Crypto API Cryptographic Module,Oracle Corporation,,,,libkcapi.so.1.3.1,libkcapi.so.1.3.1,shared-object,,de579c57a1973894c2ae20e5eae5b999c0b751bd33cbe18ce50c25a05de41383,False,0.7,https://rpmfind.net/linux/centos-stream/9-stream/BaseOS/x86_64/os/Packages/libkcapi-1.3.1-3.el9.x86_64.rpm,0.4
5036,Oracle Linux 9 Kernel Crypto API Cryptographic Module,Oracle Corporation,,,,libkcapi.so.1.3.1,libkcapi.so.1.3.1,shared-object,,e3cc735944688eec1977a98db27f8e9ca2d9fa2fbad73c2356890b73d4558964,False,0.7,https://yum.oracle.com/repo/OracleLinux/OL9/baseos/latest/x86_64/getPackage/libkcapi-1.3.1-3.0.1.el9.x86_64.rpm,0.4
5037,Oracle Linux 9 GnuTLS Cryptographic Module,Oracle Corporation,GnuTLS,,,libgnutls.so.30;libnettle.so.8;libhogweed.so.6;libgmp.so.10,"gnutls-3.7.6-39e2433a29b33b55 (libgnutls.so.30, libnettle.so.8, libhogweed.so.6, libgmp.so.10, statically linked)",distro-package,3.7.6-39e2433a29b33b55,,False,0.5,,0.65
5038,SolarWinds Java Cryptographic Library,"SolarWinds Worldwide, LLC",OpenSSL,,,,bc-fips-2.0.0.jar,maven-jar,2.0.0,f6a25fd5744e91cc019a9f79733ae757da6648a80946fad9932041ad05695240,True,0.9,https://repo1.maven.org/maven2/org/bouncycastle/bc-fips/2.0.0/bc-fips-2.0.0.jar.sha256,0.87
5040,CryptoComply 140-3 FIPS Provider,SafeLogic Inc.,,,,fips.a;fips.dll;fips.dylib;fips.so,,,,,,,,0.2
5041,wolfCrypt,wolfSSL Inc.,wolfSSL,,,wolfssl-fips.dll,,,,,,,,0.6
5046,Gigamon Linux-Based Cryptographic Module,Gigamon Inc.,,,,fips.a;fips.dll;fips.dylib;fips.so,,,,,,,,0.2
5049,GnuTLS cryptography module for AlmaLinux 9,"Cloudlinux Inc., TuxCare division",GnuTLS,,,libgnutls.so.30;libnettle.so.8;libhogweed.so.6,,,,,,,,0.6
5050,"Apple corecrypto Module v13.0 [Apple silicon, Kernel, Software, SL1]",Apple Inc.,,,,,,,,,,,,0.0
5051,SBC SWe Session Border Controller,"Ribbon Communications, Inc.",,,,www.so,,,,,,,,0.2
5053,HYCU Cryptographic Library Module,"HYCU, Inc.",OpenSSL,,,,,,,,,,,0.52
5060,Libgcrypt cryptography module for AlmaLinux 9,"Cloudlinux Inc., TuxCare division",libgcrypt,,,libgcrypt.so.20.4.0,,,,,,,,0.6
5061,Spectro Cloud Cryptographic Library,"Spectro Cloud, Inc.",,,,,,,,,,,,0.0
5062,CipherLinq,Higher Ground LLC,OpenSSL,,,,,,,,,,,0.52
5065,"Apple corecrypto Module v13.0 [Apple silicon, User, Software, SL1]",Apple Inc.,,,,,,,,,,,,0.0
5068,Cloudian-FJA (FIPS Java API),Cloudian Inc.,OpenSSL,,,,,,,,,,,0.52
5073,ICU Medical FIPS Module for OpenSSL 3,ICU Medical,OpenSSL,,,fips.so,,,,,,,,0.6
5079,Wave Relay® User Space Crypto Module,"Persistent Systems, LLC",,,,fips.so,,,,,,,,0.2
5080,Zscaler Java Crypto Module,Zscaler Inc.,,,,ccj-4.0.0.jar,,,,,,,,0.32
5081,SL-FJA3 (SafeLogic FIPS Java API),Gigamon Inc.,OpenSSL,,4.0.0,ccj-4.0.0.jar,,,,,,,,0.92
5082,Arctera Cryptographic Module for Java,Arctera US LLC,,,,ccj-4.0.0.jar,,,,,,,,0.32
5083,CGI Momentum™ Java Cryptographic Module,CGI Federal Inc.,,,,ccj-4.0.0.jar,,,,,,,,0.32
5084,Cloudera Cryptographic Module for Java,"Cloudera, Inc.",OpenSSL,,4.0.0,ccj-4.0.0.jar,,,,,,,,0.92
5086,Hitachi Embedded Storage Manager Kernel Crypto API Cryptographic Module,"Hitachi Vantara, Ltd.",,,,,,,,,,,,0.0
5089,Red Hat Enterprise Linux 8 Kernel Cryptographic API,"Red Hat, Inc.",,,,libkcapi.so.1.2.0,,,,,,,,0.2
5093,SAP CommonCryptoLib Crypto Kernel,SAP SE,,,,libslcryptokernel.so;slcryptokernel.dll;libslcryptokernel.dylib,,,,,,,,0.2
5094,IBM COS Linux Kernel Cryptographic API Cryptographic Module,IBM Corporation,,,,libkcapi.so.1.5.0,libkcapi-1.5.0.tar.gz,source-tarball,1.5.0,,False,0.4,,0.25
5095,Rocky Linux 8 Kernel Cryptographic API,"Ctrl IQ, Inc.",,,,libkcapi.so;libkcapi.so.1.2.0,libkcapi-1.2.0-2.el8.x86_64.rpm,distro-package,1.2.0-2.el8,,False,0.75,,0.25
5095,Rocky Linux 8 Kernel Cryptographic API,"Ctrl IQ, Inc.",,,,libkcapi.so;libkcapi.so.1.2.0,kernel-4.18.0-553.16.1.el8_6.ciqfips.0.5.x86_64.rpm,distro-package,kernel rocky8.20240923 / 4.18.0-553.16.1.el8_6.ciqfips.0.5,,False,0.4,,0.25
5096,SUSE Linux Enterprise OpenSSL 3 Cryptographic Module,SUSE LLC,OpenSSL,,,fips.so,libopenssl-3-fips-provider-3.1.4-150600.5.15.1.x86_64.rpm,distro-package,3.1.4-150600.5.15.1,,False,0.55,,0.65
5097,NetApp StorageGRID Kernel Crypto API,"NetApp, Inc.",,,,libkcapi.so;libkcapi.so.1.4.0,,,,,,,,0.2
5101,"Apple corecrypto Module v14.1 [Apple silicon, Kernel, Software, SL1]",Apple Inc.,,,,,,,,,,,,0.0
5102,Chainguard FIPS Provider for OpenSSL,"Chainguard, Inc.",OpenSSL,,,fips.so;fips.dll;fips.dylib,fips.so (Chainguard FIPS Provider for OpenSSL 3.1.2),container-image,OpenSSL 3.1.2 FIPS provider (rebrand of CMVP #4985),,False,0.3,,0.65
5104,BoringCrypto,"Google, LLC",,,,bcm.o,boringssl-85897d07196b7bf164dbd4673fc78b762aff3e8b.tar.xz,source-tarball,20240407 (commit 85897d07196b7bf164dbd4673fc78b762aff3e8b),b1c87a2746e831dd51448038d8ec7d0ba256d949e73dace0c9a1484889d82d1a,True,1,https://csrc.nist.gov/CSRC/media/projects/cryptographic-module-validation-program/documents/security-policies/140sp5104.pdf,0.52
5105,Triton 2 Cryptographic Module,ST Engineering Urban Solutions Ltd.,,,,,,,,,,,,0.0
5106,IPC Cryptographic Module,ST Engineering Urban Solutions Ltd.,,,,fips.dll,,,,,,,,0.2
5107,WTM 4000 module,Aviat Networks,wolfSSL,,,,,,,,,,,0.4
5108,"Apple corecrypto Module v14.1 [Apple silicon, User, Software, SL1]",Apple Inc.,,,,,,,,,,,,0.0
5111,NetScaler Virtual Appliance,Cloud Software Group,,,,,,,,,,,,0.0
5112,SUSE Linux Enterprise Kernel Crypto API Cryptographic Module,SUSE LLC,,,,libkcapi.so.0.13.0,"libkcapi.so.0.13.0 (SUSE package ""libkcapi"", built for SLES 15 SP6, alongside kernel 6.4.0-150600.23.25-default / 6.4.0-150600.10.17-rt)",distro-package,libkcapi 0.13.0 soname (SUSE SLE-15-SP6 build); kernel package versions 6.4.0-150600.23.25-default (module ver 3.5) and 6.4.0-150600.10.17-rt (module ver 3.6),,False,0.4,,0.2
5113,Rocky Linux 9 Kernel Cryptographic API,"Ctrl IQ, Inc.",,,,libkcapi.so;libkcapi.so.1.3.1,libkcapi-1.3.1-3.el9.x86_64.rpm,distro-package,1.3.1-3.el9,2f468c54a2f236c68561acf53c90ab0087099f0dbc04109c0b2eb2eeefc4ef1e,True,0.9,https://dl.rockylinux.org/vault/rocky/9.2/BaseOS/x86_64/os/repodata/06749c57-c11c-4eaa-a701-2e95bb235a13-PRIMARY.xml.gz,0.55
5113,Rocky Linux 9 Kernel Cryptographic API,"Ctrl IQ, Inc.",,,,libkcapi.so;libkcapi.so.1.3.1,libkcapi.so.1.3.1,shared-object,,61a780d24577b5ddee0cbdaff8326a28b620c5cbb8e8b72b35f24c02c06dc241,True,0.9,https://dl.rockylinux.org/vault/rocky/9.2/BaseOS/x86_64/os/Packages/l/libkcapi-1.3.1-3.el9.x86_64.rpm,0.55
5115,Canonical Ltd. Ubuntu 24.04 OpenSSL Cryptographic Module,Canonical Ltd.,OpenSSL,,,fips.so,"fips.so (from package openssl-fips-module-3, version 3.0.13-0ubuntu3+Fips1)",distro-package,3.0.13-0ubuntu3+Fips1,,False,0.4,,0.6
5116,Rocky Linux 9 OpenSSL FIPS Provider,"Ctrl IQ, Inc.",OpenSSL,,,fips.so,fips.so (from openssl-fips-provider RPM),distro-package,"Rocky9.20250210 (openssl-fips-provider 3.0.7-6.el9_5, approx.)",,False,0.45,,0.65
5117,Rocky Linux 8 and 9 libgcrypt Cryptographic Module,"Ctrl IQ, Inc.",libgcrypt,,,libgcrypt.so.20.5.0;libgcrypt.so.20,libgcrypt (ciq-rocky-fips source repo),other,,,False,0.3,,0.65
5117,Rocky Linux 8 and 9 libgcrypt Cryptographic Module,"Ctrl IQ, Inc.",libgcrypt,,,libgcrypt.so.20.5.0;libgcrypt.so.20,libgcrypt-1.10.0-10.el9_2.x86_64.rpm,distro-package,1.10.0-10.el9_2,,False,0.25,,0.65
5120,Cohesity Cryptographic Module for Java,"Cohesity, Inc.",OpenSSL,,4.0.0,ccj-4.0.0.jar,,,,,,,,0.92
5121,CTERA Crypto Module™ (Java),CTERA Networks Ltd.,,,,ccj-4.0.0.jar,,,,,,,,0.32
5122,CyberArk Cryptographic Module for Java,CyberArk Software Ltd.,,,,ccj-4.0.0.jar,,,,,,,,0.32
5123,HID Global Cryptographic Module,HID Global Corporation,OpenSSL,,4.0.0,ccj-4.0.0.jar,,,,,,,,0.92
5124,HPI Crypto Module for Java,HP Inc.,,,,ccj-4.0.0.jar,,,,,,,,0.32
5125,Proofpoint Cryptographic Module for Java,Proofpoint Inc.,,,,ccj-4.0.0.jar,,,,,,,,0.32
5126,CLEAR Cryptosystem,"Quantum Knight, INC.",,,4.0.0,ccj-4.0.0.jar,,,,,,,,0.52
5127,Radiant Logic Cryptographic Module for Java,Radiant Logic Inc.,,,,ccj-4.0.0.jar,,,,,,,,0.32
5128,Saviynt Cryptographic Module,Saviynt,,,,ccj-4.0.0.jar,,,,,,,,0.32
5129,InformaCast Advanced and Fusion Server Java Crypto Library,Singlewire Software,OpenSSL,,4.0.0,ccj-4.0.0.jar,,,,,,,,0.92
5130,Tellabs Panorama PON Manager Cryptographic Module,"Tellabs Enterprise, Inc.",,,,ccj-4.0.0.jar,,,,,,,,0.32
5131,Trend Micro Java Crypto Module,Trend Micro Inc.,,,,ccj-4.0.0.jar,,,,,,,,0.32
5132,Chainguard FIPS Provider for OpenSSL,"Chainguard, Inc.",OpenSSL,,,fips.so,fips.so,container-image,3.4.0-r4,,False,0.35,,0.65
5142,Minimus Cryptographic Module for Java,Minimus,,,,ccj-4.0.0.jar,,,,,,,,0.32
5144,Wave Relay® Kernel Space Crypto Module,"Persistent Systems, LLC",,,,FIPS140.ko,,,,,,,,0.2
5145,PreVeil Cryptographic Module based on the OpenSSL FIPS Provider,"PreVeil, Inc",OpenSSL,,,fips.so;fips.dll;fips.dylib,openssl-3.1.2.tar.gz,source-tarball,3.1.2,a0ce69b8b97ea6a35b96875235aa453b966ba3cba8af2de23657d8b6767d6539,True,0.7,https://github.com/openssl/openssl/releases/download/openssl-3.1.2/openssl-3.1.2.tar.gz.sha256,0.82
5146,AWS-LC Cryptographic Module (dynamic),"Amazon Web Services, Inc",,,,bcm.o;libcrypto.so,aws-lc source (bcm.o built from AWS-LC FIPS 1.29.1),source-tarball,AWS-LC FIPS 1.29.1,,False,0.3,,0.35
5147,VMware’s OpenSSL FIPS Provider based on the OpenSSL FIPS Provider,Broadcom Inc.,OpenSSL,,,fips.so;fips.dll;fips.dylib,openssl-3.1.2.tar.gz,source-tarball,3.1.2,a0ce69b8b97ea6a35b96875235aa453b966ba3cba8af2de23657d8b6767d6539,True,0.35,https://github.com/openssl/openssl/releases/download/openssl-3.1.2/openssl-3.1.2.tar.gz.sha256,0.82
5148,HPE Java Cryptographic Module,Hewlett Packard Enterprise,OpenSSL,,,,,,,,,,,0.52
5149,Musarubra US LLC FIPS Provider based on the OpenSSL FIPS Provider,Musarubra US LLC,OpenSSL,,,fips.so;fips.dll;fips.dylib,,,,,,,,0.6
5150,Juniper Networks vSRX 3.0 Virtual Firewall,"Juniper Networks, Inc.",,,,,,,,,,,,0.0
5153,FCAT Wallet Vault Cryptographic Module,"Fidelity Center for Applied Technology, LLC",,,1.0,,,,,,,,,0.2
5154,NetApp Cryptographic Security Module (NCSM) based on the OpenSSL FIPS Provider,"NetApp, Inc",OpenSSL,,,fips.so;fips.dll;fips.dylib,,,,,,,,0.6
5155,Juniper FIPS Provider based on the OpenSSL FIPS Provider,"Juniper Networks, Inc.",OpenSSL,,,fips.so;fips.dll;fips.dylib,openssl-3.0.8.tar.gz,source-tarball,3.0.8,6c13d2bf38fdf31eac3ce2a347073673f5d63263398f1f69d0df4a41253e4b3e,True,0.6,https://github.com/openssl/openssl/releases/download/openssl-3.0.8/openssl-3.0.8.tar.gz.sha256,0.82
5156,Veeam Cryptographic Module based on the OpenSSL FIPS Provider,Veeam Software Corporation,OpenSSL,,,fips.so;fips.dll;fips.dylib,openssl-3.1.2.tar.gz,source-tarball,3.1.2,a0ce69b8b97ea6a35b96875235aa453b966ba3cba8af2de23657d8b6767d6539,True,0.5,https://github.com/openssl/openssl/releases/download/openssl-3.1.2/openssl-3.1.2.tar.gz.sha256,0.82
5157,Digi DAL OS based on the OpenSSL FIPS Provider,Digi International Inc.,OpenSSL,,,fips.so;fips.dll;fips.dylib,,,,,,,,0.6
5158,Dell FIPS Module based on the OpenSSL FIPS Provider,"Dell, Inc.",OpenSSL,,,fips.so;fips.dll;fips.dylib,openssl-3.1.2.tar.gz,source-tarball,3.1.2,a0ce69b8b97ea6a35b96875235aa453b966ba3cba8af2de23657d8b6767d6539,True,0.45,https://www.openssl.org/source/openssl-3.1.2.tar.gz.sha256,0.82
5159,BigFix Encryption Module based on the OpenSSL FIPS Provider,"HCL America, Inc.",OpenSSL,,,fips.so;fips.dll;fips.dylib,openssl-3.1.2.tar.gz,source-tarball,3.1.2,a0ce69b8b97ea6a35b96875235aa453b966ba3cba8af2de23657d8b6767d6539,True,0.85,https://www.openssl.org/source/openssl-3.1.2.tar.gz.sha256,0.82
5159,BigFix Encryption Module based on the OpenSSL FIPS Provider,"HCL America, Inc.",OpenSSL,,,fips.so;fips.dll;fips.dylib,fips.so / fips.dll / fips.dylib,other,3.1.2,,False,0.3,,0.82
